{"resolution":12,"NUMROOMS":12,"voxels":[{"state":1,"size":0.0416666679,"x":0,"y":0,"WallTypes":[1,1,1,1]},{"state":1,"size":0.0416666679,"x":1,"y":0,"WallTypes":[1,1,1,1]},{"state":1,"size":0.0416666679,"x":2,"y":0,"WallTypes":[1,1,1,1]},{"state":1,"size":0.0416666679,"x":3,"y":0,"WallTypes":[1,1,1,1]},{"state":1,"size":0.0416666679,"x":4,"y":0,"WallTypes":[1,1,1,1]},{"state":1,"size":0.0416666679,"x":5,"y":0,"WallTypes":[1,1,1,1]},{"state":1,"size":0.0416666679,"x":6,"y":0,"WallTypes":[1,1,1,1]},{"state":1,"size":0.0416666679,"x":7,"y":0,"WallTypes":[1,1,1,1]},{"state":1,"size":0.0416666679,"x":8,"y":0,"WallTypes":[1,1,1,1]},{"state":1,"size":0.0416666679,"x":9,"y":0,"WallTypes":[1,1,1,1]},{"state":1,"size":0.0416666679,"x":10,"y":0,"WallTypes":[1,1,1,1]},{"state":1,"size":0.0416666679,"x":11,"y":0,"WallTypes":[1,1,1,1]},{"state":1,"size":0.0416666679,"x":0,"y":1,"WallTypes":[1,1,1,1]},{"state":4,"size":0.0416666679,"x":1,"y":1,"WallTypes":[1,1,1,1]},{"state":4,"size":0.0416666679,"x":2,"y":1,"WallTypes":[1,1,1,1]},{"state":4,"size":0.0416666679,"x":3,"y":1,"WallTypes":[1,1,1,1]},{"state":4,"size":0.0416666679,"x":4,"y":1,"WallTypes":[1,1,1,1]},{"state":4,"size":0.0416666679,"x":5,"y":1,"WallTypes":[1,1,1,1]},{"state":4,"size":0.0416666679,"x":6,"y":1,"WallTypes":[1,1,1,1]},{"state":4,"size":0.0416666679,"x":7,"y":1,"WallTypes":[1,1,1,1]},{"state":4,"size":0.0416666679,"x":8,"y":1,"WallTypes":[1,1,1,1]},{"state":4,"size":0.0416666679,"x":9,"y":1,"WallTypes":[1,1,1,1]},{"state":4,"size":0.0416666679,"x":10,"y":1,"WallTypes":[1,1,1,1]},{"state":1,"size":0.0416666679,"x":11,"y":1,"WallTypes":[1,1,1,1]},{"state":1,"size":0.0416666679,"x":0,"y":2,"WallTypes":[1,1,1,1]},{"state":4,"size":0.0416666679,"x":1,"y":2,"WallTypes":[1,1,1,1]},{"state":4,"size":0.0416666679,"x":2,"y":2,"WallTypes":[1,1,1,1]},{"state":4,"size":0.0416666679,"x":3,"y":2,"WallTypes":[1,1,1,1]},{"state":4,"size":0.0416666679,"x":4,"y":2,"WallTypes":[1,1,1,1]},{"state":4,"size":0.0416666679,"x":5,"y":2,"WallTypes":[1,1,1,1]},{"state":4,"size":0.0416666679,"x":6,"y":2,"WallTypes":[1,1,1,1]},{"state":4,"size":0.0416666679,"x":7,"y":2,"WallTypes":[1,1,1,1]},{"state":4,"size":0.0416666679,"x":8,"y":2,"WallTypes":[1,1,1,1]},{"state":4,"size":0.0416666679,"x":9,"y":2,"WallTypes":[1,1,1,1]},{"state":4,"size":0.0416666679,"x":10,"y":2,"WallTypes":[1,1,1,1]},{"state":1,"size":0.0416666679,"x":11,"y":2,"WallTypes":[1,1,1,1]},{"state":1,"size":0.0416666679,"x":0,"y":3,"WallTypes":[1,1,1,1]},{"state":4,"size":0.0416666679,"x":1,"y":3,"WallTypes":[1,1,1,1]},{"state":4,"size":0.0416666679,"x":2,"y":3,"WallTypes":[1,1,1,1]},{"state":4,"size":0.0416666679,"x":3,"y":3,"WallTypes":[1,1,1,1]},{"state":4,"size":0.0416666679,"x":4,"y":3,"WallTypes":[1,1,1,1]},{"state":4,"size":0.0416666679,"x":5,"y":3,"WallTypes":[1,1,1,1]},{"state":4,"size":0.0416666679,"x":6,"y":3,"WallTypes":[1,1,1,1]},{"state":4,"size":0.0416666679,"x":7,"y":3,"WallTypes":[1,1,1,1]},{"state":4,"size":0.0416666679,"x":8,"y":3,"WallTypes":[1,1,1,1]},{"state":4,"size":0.0416666679,"x":9,"y":3,"WallTypes":[1,1,1,1]},{"state":4,"size":0.0416666679,"x":10,"y":3,"WallTypes":[1,1,1,1]},{"state":1,"size":0.0416666679,"x":11,"y":3,"WallTypes":[1,1,1,1]},{"state":1,"size":0.0416666679,"x":0,"y":4,"WallTypes":[1,1,1,1]},{"state":4,"size":0.0416666679,"x":1,"y":4,"WallTypes":[1,1,1,1]},{"state":4,"size":0.0416666679,"x":2,"y":4,"WallTypes":[1,1,1,1]},{"state":4,"size":0.0416666679,"x":3,"y":4,"WallTypes":[1,1,1,1]},{"state":4,"size":0.0416666679,"x":4,"y":4,"WallTypes":[1,1,1,1]},{"state":4,"size":0.0416666679,"x":5,"y":4,"WallTypes":[1,1,1,1]},{"state":4,"size":0.0416666679,"x":6,"y":4,"WallTypes":[1,1,1,1]},{"state":4,"size":0.0416666679,"x":7,"y":4,"WallTypes":[1,1,1,1]},{"state":4,"size":0.0416666679,"x":8,"y":4,"WallTypes":[1,1,1,1]},{"state":4,"size":0.0416666679,"x":9,"y":4,"WallTypes":[1,1,1,1]},{"state":4,"size":0.0416666679,"x":10,"y":4,"WallTypes":[1,1,1,1]},{"state":1,"size":0.0416666679,"x":11,"y":4,"WallTypes":[1,1,1,1]},{"state":1,"size":0.0416666679,"x":0,"y":5,"WallTypes":[1,1,1,1]},{"state":4,"size":0.0416666679,"x":1,"y":5,"WallTypes":[1,1,1,1]},{"state":4,"size":0.0416666679,"x":2,"y":5,"WallTypes":[1,1,1,1]},{"state":4,"size":0.0416666679,"x":3,"y":5,"WallTypes":[1,1,1,1]},{"state":4,"size":0.0416666679,"x":4,"y":5,"WallTypes":[1,1,1,1]},{"state":4,"size":0.0416666679,"x":5,"y":5,"WallTypes":[1,1,1,1]},{"state":4,"size":0.0416666679,"x":6,"y":5,"WallTypes":[1,1,1,1]},{"state":4,"size":0.0416666679,"x":7,"y":5,"WallTypes":[1,1,1,1]},{"state":4,"size":0.0416666679,"x":8,"y":5,"WallTypes":[1,1,1,1]},{"state":4,"size":0.0416666679,"x":9,"y":5,"WallTypes":[1,1,1,1]},{"state":4,"size":0.0416666679,"x":10,"y":5,"WallTypes":[1,1,1,1]},{"state":1,"size":0.0416666679,"x":11,"y":5,"WallTypes":[1,1,1,1]},{"state":1,"size":0.0416666679,"x":0,"y":6,"WallTypes":[1,1,1,1]},{"state":4,"size":0.0416666679,"x":1,"y":6,"WallTypes":[1,1,1,1]},{"state":4,"size":0.0416666679,"x":2,"y":6,"WallTypes":[1,1,1,1]},{"state":4,"size":0.0416666679,"x":3,"y":6,"WallTypes":[1,1,1,1]},{"state":4,"size":0.0416666679,"x":4,"y":6,"WallTypes":[1,1,1,1]},{"state":4,"size":0.0416666679,"x":5,"y":6,"WallTypes":[1,1,1,1]},{"state":4,"size":0.0416666679,"x":6,"y":6,"WallTypes":[1,1,1,1]},{"state":4,"size":0.0416666679,"x":7,"y":6,"WallTypes":[1,1,1,1]},{"state":4,"size":0.0416666679,"x":8,"y":6,"WallTypes":[1,1,1,1]},{"state":4,"size":0.0416666679,"x":9,"y":6,"WallTypes":[1,1,1,1]},{"state":4,"size":0.0416666679,"x":10,"y":6,"WallTypes":[1,1,1,1]},{"state":1,"size":0.0416666679,"x":11,"y":6,"WallTypes":[1,1,1,1]},{"state":1,"size":0.0416666679,"x":0,"y":7,"WallTypes":[1,1,1,1]},{"state":4,"size":0.0416666679,"x":1,"y":7,"WallTypes":[1,1,1,1]},{"state":4,"size":0.0416666679,"x":2,"y":7,"WallTypes":[1,1,1,1]},{"state":4,"size":0.0416666679,"x":3,"y":7,"WallTypes":[1,1,1,1]},{"state":4,"size":0.0416666679,"x":4,"y":7,"WallTypes":[1,1,1,1]},{"state":4,"size":0.0416666679,"x":5,"y":7,"WallTypes":[1,1,1,1]},{"state":4,"size":0.0416666679,"x":6,"y":7,"WallTypes":[1,1,1,1]},{"state":4,"size":0.0416666679,"x":7,"y":7,"WallTypes":[1,1,1,1]},{"state":4,"size":0.0416666679,"x":8,"y":7,"WallTypes":[1,1,1,1]},{"state":4,"size":0.0416666679,"x":9,"y":7,"WallTypes":[1,1,1,1]},{"state":4,"size":0.0416666679,"x":10,"y":7,"WallTypes":[1,1,1,1]},{"state":1,"size":0.0416666679,"x":11,"y":7,"WallTypes":[1,1,1,1]},{"state":1,"size":0.0416666679,"x":0,"y":8,"WallTypes":[1,1,1,1]},{"state":4,"size":0.0416666679,"x":1,"y":8,"WallTypes":[1,1,1,1]},{"state":4,"size":0.0416666679,"x":2,"y":8,"WallTypes":[1,1,1,1]},{"state":4,"size":0.0416666679,"x":3,"y":8,"WallTypes":[1,1,1,1]},{"state":4,"size":0.0416666679,"x":4,"y":8,"WallTypes":[1,1,1,1]},{"state":4,"size":0.0416666679,"x":5,"y":8,"WallTypes":[1,1,1,1]},{"state":4,"size":0.0416666679,"x":6,"y":8,"WallTypes":[1,1,1,1]},{"state":4,"size":0.0416666679,"x":7,"y":8,"WallTypes":[1,1,1,1]},{"state":4,"size":0.0416666679,"x":8,"y":8,"WallTypes":[1,1,1,1]},{"state":4,"size":0.0416666679,"x":9,"y":8,"WallTypes":[1,1,1,1]},{"state":4,"size":0.0416666679,"x":10,"y":8,"WallTypes":[1,1,1,1]},{"state":1,"size":0.0416666679,"x":11,"y":8,"WallTypes":[1,1,1,1]},{"state":1,"size":0.0416666679,"x":0,"y":9,"WallTypes":[1,1,1,1]},{"state":4,"size":0.0416666679,"x":1,"y":9,"WallTypes":[1,1,1,1]},{"state":4,"size":0.0416666679,"x":2,"y":9,"WallTypes":[1,1,1,1]},{"state":4,"size":0.0416666679,"x":3,"y":9,"WallTypes":[1,1,1,1]},{"state":4,"size":0.0416666679,"x":4,"y":9,"WallTypes":[1,1,1,1]},{"state":4,"size":0.0416666679,"x":5,"y":9,"WallTypes":[1,1,1,1]},{"state":4,"size":0.0416666679,"x":6,"y":9,"WallTypes":[1,1,1,1]},{"state":4,"size":0.0416666679,"x":7,"y":9,"WallTypes":[1,1,1,1]},{"state":4,"size":0.0416666679,"x":8,"y":9,"WallTypes":[1,1,1,1]},{"state":4,"size":0.0416666679,"x":9,"y":9,"WallTypes":[1,1,1,1]},{"state":4,"size":0.0416666679,"x":10,"y":9,"WallTypes":[1,1,1,1]},{"state":1,"size":0.0416666679,"x":11,"y":9,"WallTypes":[1,1,1,1]},{"state":1,"size":0.0416666679,"x":0,"y":10,"WallTypes":[1,1,1,1]},{"state":4,"size":0.0416666679,"x":1,"y":10,"WallTypes":[1,1,1,1]},{"state":4,"size":0.0416666679,"x":2,"y":10,"WallTypes":[1,1,1,1]},{"state":4,"size":0.0416666679,"x":3,"y":10,"WallTypes":[1,1,1,1]},{"state":4,"size":0.0416666679,"x":4,"y":10,"WallTypes":[1,1,1,1]},{"state":4,"size":0.0416666679,"x":5,"y":10,"WallTypes":[1,1,1,1]},{"state":4,"size":0.0416666679,"x":6,"y":10,"WallTypes":[1,1,1,1]},{"state":4,"size":0.0416666679,"x":7,"y":10,"WallTypes":[1,1,1,1]},{"state":4,"size":0.0416666679,"x":8,"y":10,"WallTypes":[1,1,1,1]},{"state":4,"size":0.0416666679,"x":9,"y":10,"WallTypes":[1,1,1,1]},{"state":4,"size":0.0416666679,"x":10,"y":10,"WallTypes":[1,1,1,1]},{"state":1,"size":0.0416666679,"x":11,"y":10,"WallTypes":[1,1,1,1]},{"state":1,"size":0.0416666679,"x":0,"y":11,"WallTypes":[1,1,1,1]},{"state":1,"size":0.0416666679,"x":1,"y":11,"WallTypes":[1,1,1,1]},{"state":1,"size":0.0416666679,"x":2,"y":11,"WallTypes":[1,1,1,1]},{"state":1,"size":0.0416666679,"x":3,"y":11,"WallTypes":[1,1,1,1]},{"state":1,"size":0.0416666679,"x":4,"y":11,"WallTypes":[1,1,1,1]},{"state":1,"size":0.0416666679,"x":5,"y":11,"WallTypes":[1,1,1,1]},{"state":1,"size":0.0416666679,"x":6,"y":11,"WallTypes":[1,1,1,1]},{"state":1,"size":0.0416666679,"x":7,"y":11,"WallTypes":[1,1,1,1]},{"state":1,"size":0.0416666679,"x":8,"y":11,"WallTypes":[1,1,1,1]},{"state":1,"size":0.0416666679,"x":9,"y":11,"WallTypes":[1,1,1,1]},{"state":1,"size":0.0416666679,"x":10,"y":11,"WallTypes":[1,1,1,1]},{"state":1,"size":0.0416666679,"x":11,"y":11,"WallTypes":[1,1,1,1]}],"voxelSize":0.0416666679,"gridSize":0.5}